total_empresas_unicas,promedio_anios_observados,porcentaje_empresas_todos_los_anios,porcentaje_empresas_con_discontinuidades,anios_esperados_panel,anios_presentes_panel
11687,11.196970993411483,31.120047916488407,6.194917429622658,"2008,2009,2010,2011,2012,2013,2014,2015,2016,2017,2018,2019,2020,2021,2022,2023,2024","2008,2009,2010,2011,2012,2013,2014,2015,2016,2017,2018,2019,2020,2021,2022,2023,2024"
